mathyadriana,Dr. Adriana Salerno DomÃ­nguez ğŸ‡»ğŸ‡ª
VictorPiercey1,Victor Piercey
wizard2048,arthur harris
WanderingPoint,Dr. Wandering Point
mathprofcarrie,Dr. Diaz Eaton - up to #GoodTrouble
pwr2dppl,DR. ABOLISH THE POLICE
xl772,Prof. Christelle Vincent
kmkinnaird,Dr. Katherine M. Kinnaird
PhilChodrow,Dr. Phil Chodrow
CeritDr,Dr. Judith Cerit ğŸ‡²ğŸ‡½ğŸ‡¹ğŸ‡·ğŸ‡©ğŸ‡ª
fra_berni,"Francesca Bernardi, Ph.D."
LoboWithACause,Dr. Belin Tsinnajinnie
MiraWaddle,Meerkat
VRiveraQPhD,"Vanessa Rivera QuiÃ±ones, PhD"
JoFerMedina,Johann Medina
JointMath,Joint Mathematics Meetings
shivfesta,Shiv Karunakaran
MarissaKawehi,Dr. Marissa Kawehi Loving
TyLKelly,Tyler Kelly
MerGreer,Meredith Greer
qsideinstitute,qside
sbagley,Dr Spencer Bagley ğŸƒğŸ‚ğŸ³ï¸â€ğŸŒˆ
numberdance,Jessie Oehrlein
frontLahn,Max Lahn
vindas_melendez,AndrÃ©s R. Vindas MelÃ©ndez
RachelleDeCoste,Dr Rachelle DeCoste
mathmodeling,Maria Hernandez
jajensen681,Dr. Jacqueline Jensen-Vallin
joshlaison,Dr. Josh Laison
Enchilaudanum,Keith Jones
algebrandis,Îµ-thicc
monsoon0,Nalini Joshi
elizabethmunch,Dr. Liz Munch
benjamindickman,Benjamin Dickman
MBarany,Michael J Barany
HthrLynnJ,Dr. Heather Lynn Johnson
DingleTeach,Marian Dingle
thewordninja_bk,Brian Katz (BK)
sunstoneUU,Ebony C. Peace
mmcdermo,Dr. Moira McDermott
QuantumP7,Mathy McScientist ğŸ‘½
mathdr91,Robert W. Vallin
HeyHeresSteve,"Hey, Here's...A SKEeEeEeLeEeEeTON!!!1!"
MattBoelkins,Matt Boelkins
samit_dasgupta,Samit Dasgupta
QCohBeef,QC
RyneVanK,Ryne VanKrevelen
matthematician,Matt Salomone
katemath,Dr. Kate Owens
DeirdreM10,Deirdre
maryepilgrim,Dr. Mary Pilgrim
jessalynalyn,Jessalyn
rhondajohughes,Rhonda Hughes
Miles_Ott,Miles Ott ğŸ³ï¸â€âš§ï¸ (he/him)
siwelwerd,Drew Lewis
AlbertTLunde,Albert Lunde
drspoulsen,Dylan Poulsen
DrMRLD,Dr. Emerald Stacy ğŸ³ï¸â€ğŸŒˆ
MathmoClaire,Dr Claire Postlethwaite
mathillustrated,Ralph Pantozzi
logicians,Philosophical Logic
joshuagrochow,Joshua Grochow
twistor,ğ•‹ğ•ğ•€ğ•Šğ•‹ğ•†â„ Â«é‡åŠ›ã®å½±Â»
AuroraBirdialis,The Nikkibird
arsuaga3,Mariel Vazquez
DrHenryGarrett,Dr. Henry Garrett
mathzorro,Christopher Hanusa
Doc_Kat,ğŸ‘»ğŸ•³ (spectral gap)
bat_scholar,Dr. bat
ilaba,Dr. Izabella Laba
AnnClifton9,Ann Clifton
j_lanier,Justin Lanier
jacksonmorris_,Jackson
jensilvermath,Jen Silverman
twonth,Paul Pollack
davewripley,Dave Ripley
ProfNoodlearms,TJ Hitchman
KJMDPhD,Kyle Dahlin
AbsurdistPedant,Absurdist
dagan_karp,Dagan Karp
ash_wee_k,Ashwee K
RubenAMartinezA,RubÃ©n A. MartÃ­nez A. ğŸš‚ğŸ’™
bmgilland,Brett Gilland
BarbaraFantechi,algebraic geometer BLM
Trianglemancsd,Christopher Danielson
QED_nerds,Christina
susan_dagostino,Dr. Susan D'Agostino
drbehardisty,"Ben Hardisty, PhD"
FedericoArdila,Federico Ardila
rmathematicus,Thony Christie
JadeMasterMath,ğŸŸ© jade ğŸŸ©
KamerynJW,Kameryn J.W. ğŸ¦„
sarah_bockting,Dr. Sarah Bockting
blkmathmagic,"Dr. Noelle, mathemagician"
diazlopezmath,Dr. Alexander Diaz-Lopez
ptwiddle,Paul Johnson
DrBKirkpatrick,Brent Kirkpatrick
con_nect_ed,ì—°
EdsiNetwork,EDSINetwork
NalinPithwa,Nalin Pithwa
CKalinecCraig,Crystal KalinecCraig
BikeMath,Semi-Provologne
ctheobarker,"Colin T Barker, Ph.D."
CardColm,Colm Mulcahy
evainfeld,Eva
belladoesmath,Dr. Bella
achambertloir,ğŸ˜ Antoine Chambert-Loir
NeedhiBhalla,Needhi Bhalla ğŸ’…ğŸ½
sandi_clement,Dr. Sandi Clement ğŸˆâ€â¬›ğŸ‘»ğŸƒ
howe,Rev. Dr. Everett Howe
SherlockpHolmes,Dr Susan Holmes ğŸ“—ğŸ’»
eterEphemeral,RandomWhovian
ryanprior,DNA sched-ghoul ğŸ˜°ğŸ‘»ğŸ˜ˆğŸ¦‡
ssnewbery,S. S. Newbery
roger_mansuy,Roger Mansuy
aboufade,Edward Aboufadel
BenisConsumer,Benis Cool
R2D2mah,Mobius strip
PatternAvoider,Matthew Moynihan
BresockCalculus,Krista Kay Bresock
GuldenKarakok,Gulden Karakok
Shelby_M_Scott,Dr. Shelby M. Scott
katebelin,Kate Belin ğŸ³ï¸â€ğŸŒˆ
GizemKaraali_,Gizem Karaali
GailHWebster,Gail Webster
ef_math,Eddie Fuller
NewBayes,Dr. Leslie New
JohannaF_math,"Dr. Johanna Franklin ğŸ”ˆğŸ²,ğŸ”ˆğŸ›£ï¸ğŸ›£ï¸,ğŸ”ˆ(ğŸ“)ğŸ ğŸ "
RicciFlat,Chiq â˜ ï¸
ArcheyDawn,"Dr. Dawn Archey, Ph.D."
timhsuSF,Tim Hsu
mathematigal,Saramoira
JeffGraham15,Jeff Graham
ClaudioJacobo,klauÃ°jo xakoÎ²o
virtualcourtney,Dr. Courtney Gibbons /on brief tw*tt*r sabbatical/
ecology_chris,Chris Corriere
Vaguery,Vaguery
susmcgowan,Dr. Susannah McGowan
ChengSoonOng,Cheng Soon Ong
StatsSam,Sam Cook
EWhitteck,Dr. Erin Whitteck
Acertaintom,Tom King
LauraVHawkins,Laura Hawkins
MathTeacherJH,Joe Herbert
AlexGalarce,Alex Galarce
Category_Fury,ğŸŒµ Our Lady of Operads ğŸŒµ
darrenglass,Darren Glass
KristinLauter,Kristin Lauter
anitochdz,Lolita
XCatepillan,Ximena Catepillan
evelynjlamb,Evelyn Lamb
SoledadVillar5,Soledad Villar
uvmmathstats,UVM Math & Stat Dept
drjamesalvarez,James Alvarez
AlexPHoover,Alexander Hoover ğŸ³ï¸â€ğŸŒˆ
aksir,Amy Ksir ğŸŒˆğŸ¶
vianey_lb,Dr Vianey Leos Barajas
valeriadepaiva,Dr Valeria dePaiva
Cal_Q_L8,Dana Hs
anna_c_nelson,"Anna C. Nelson, Ph.D."
weinburd,Jasper Weinburd
mathcourtney,Courtney Davis
SuzanneSindi,Dr. Suzanne Sindi
kneppkatt,Nina Otter
AbelOtuya,Otuya Abel (M.Sc)ğŸ‡³ğŸ‡¬ğŸ‡¬ğŸ‡§ğŸ‡ºğŸ‡¸
Moni_deni,Moni
HaydeeLindo,Doctress Lindo
gleuschk,Graham Leuschke
swirlgirl31415,Jennifer Quinn
DrBrandyMath,Dr. Brandy Wiegers
AliciaPL25,Dr. APrietoLangarica
GoodsiePhD,heidi goodson
DamienSBS,Damien Patrick
kellyyyruth,Kelly Buch
MathAndCobb,Ãlvaro Lozano-Robledo
dtkung,Dave Kung (é¾šä»²å­)
declan_hoare,Declan Hoare ğŸ’™ ğŸŸ¨ğŸŸ¥ ğŸ‡µğŸ‡¸
WolverKeith,Abstract Nonsense
eyescientific,Robin Wilson
sleepymathgrl,mads ğŸª´ğŸª SSMK
libbyk_,libby
jacksonfulton2,Fulton Jackson II
saracharala,SaraÃ­ HernÃ¡ndez-Torres
SineOutlook,Mauricio Angelone ğŸ‡»ğŸ‡ª
rdomagalski,Dr. Rachel Jade Domagalski
quaternion_j,1 + 3i + j + 2k (j/them)
EmilyTWinn13,Emily T. Winn (she/her)
notnotneil,Neil
FidgeyB,Dr Brigitte Stenhouse
BmcChem,Bryn Mawr College Chemistry
rich_homie_kuan,Shotta Khannn ğŸ˜ŒğŸ‡§ğŸ‡§ğŸ‡¯ğŸ‡²
vanessainstem,Vanessa Sun
DrClaireJanelle,Dr. Claire Gibbons
RomanMathquez,Roman Vasquez
EllisMathEd,Mark Ellis
trans_versality,Seppo
redneurons,KoÉ—i ğŸ’‰
bearboyf,jamersğŸ§¸ğŸğŸƒğŸ‚
kim_yoak,Kim Yoak ğŸ³ï¸â€ğŸŒˆ BLM
GaryAdolphson,Gary Adolphson
USpeaks,Chris a u
abbaskins,Abbas
41mikes,Michael Cappello
vacuou5ly_tru3,Lee(mur)
victorerikray,Victor Ray
York_CDM,Canadian Centre for Disease Modelling
priyam886,Dr. Priyam Patel
nchipps,Nathan Chipps
FolaAgusto,Dr. Folashade Agusto
paultpearson,"Paul Pearson, PhD; BLM, he/him"
MaraStone2016,Tamara #BlackLivesMatter
jackrsturm,Jack Sturm
morvjn,Morvjn
wokewahlberg,wokewahlberg
MathDeptUTK,MathDept UTKnoxville
jrlookingbill,Joe Manchin's 'not a party' coordinator
annakmil,Anna Miller
sister_stem,STEMSister
OSUSocStEd,OswegoSocStudies
eringriffin003,Erin Griffin
xanderfaber,Xander
astrojipjawej,Hilding Neilson
RissaChem,Rissa Sorensen-Unruh
karin_leiderman,Karin Leiderman
Thalesdisciple,Joshua Bowman
mrweathers,â€œshmuglas shmeathersâ€
Shugars,Sarah Shugars
kay314159,Kay L. Kirkpatrick \\ğŸ¥„
mahrudsay,Ù…ÙÙ‡â€ŒØ±Ø§Ø¯
RobEbymathdude,Rob Eby math dude
paaiiigeee,Paige believes Black Lives Matter
mathhombre,John Golden
rsachsgmu,Bob Sachs
nwrmbing,Ghost
holom0rph,esch{autom}aton
_pjames_,Phillip James
NanehApkarian,Dr. Naneh Apkarian
MrFink314,MATH_MAN!
timchartier,Tim Chartier
mostnerdy,Nick Battista
G2Campbell,Garikai Campbell
awmadvance,AWMADVANCE
emilyriehl,Emily Riehl
blviray,Bianca Viray
mathemactivist,ğŸ‚MathemactivistğŸƒ
AlBell42017,Al Bell
BillOpenmind,Bill McAllister
ComplexWales,ComplexWales ğŸ´ó §ó ¢ó ·ó ¬ó ³ó ¿ğŸ’™
Cayleygrapher,Hanna Bennett
mZargham,mZğŸŒ±
tritesprite,"kathryn leonard, phd"
matienda,MÃ³nica PEACEâ˜®ï¸ LOVEğŸ’™ ENOUGHâœŠ Tienda
1Biotensegrity,Susan Lowell de SolÃ³rzano
dana_neidinger,Dana Neidinger
DrErikaBullock,Dr. Erika Bullock
PoonehSabouri,"Pooneh Sabouri, PhD"
karikokka,Kari Kokka
MsFnstlua,J. Cox
ResearchWrigley,Jordan Wrigley
Zoe_MM,ZoÃ« M
MrLeiss,Matt Leiss
JookieTookie,Prof V
robinelgenubi,Robin: boobless edition (e/em/eirs)
NepantlaTC,Nepantla Teachers Community
geonz,Cognitively_Accessible_Math
jen_loescher,Jen Loescher
SJMathematics,SocialJusticeMath
askmrsmartinez,Mrs. Aly Martinez
annarden,Ann Arden
mnemognose,christy mcguire #AntiRacismIsAVerb
teachnext_tmb,"Tyrone (ty,he,they) Martinez-Black is"
ThembaletuMbang,uNolali in Mathematical SciencesğŸ‡¿ğŸ‡¦ğŸ¤ 
ESMathTeacher,Shraddha Shirude
thebasepoint,Joshua Batson
Audrey_Mendivil,Audrey Mendivil
extremefriday,Dr. Anna Haensch
heidifessenden,Heidi Fessenden (she/her) ğŸŒ
ilana_horn,Ilana Horn
RG1gal,Rochelle Gutierrez
LisaSkultety,Lisa Skultety
topologybee,Brittany Terese Fasy
JustJules2,Jules
dropoutnation,RiShawn Biddle
ChristianJaeh,Christian JÃ¤h
mariss_spear7,Marissa Spear
Atabey_Kaygun,Atabey Kaygun
hannahfenster93,Hannah Fenster
LogPhilosophica,Shay Allen Logan
KristinePelatt,Kristine Pelatt
ipnosimmia,gvdr
Mathy_Jessica,Dr. Jessica Deshler
MaggitaCampos,Maggie â¤
teehee_sarah,hottest bitch in joann fabrics
mathvsoldage,"Ben Hardisty, PhD"
MaliciousNoise,Go with the gradient flow
AWMmath,AssocForWomenInMath
DLeslieLancs,David Leslie
Marki_MD,Marki Allegar
malagonmath,Audrey Malagon
thecaligarmo,Aram Dermenjian
tealismaking,Teal Guidici
ccshan,Chung-chieh Shan å–®ä¸­æ°
Methemedantics,Louigi Addario-Berry
jennalaib,Jenna Laib
_pmkr,Peaks Ù…Ø´Ù…Ø´ (they/them) â˜ªï¸ï¸
JoannaWares,Dr. Joanna Wares
fraarici,Francesca Arici
CompStatsGeom,GeomStatsCS
loumatthewslive,*Lou M*
BarbaraJaneGunn,Barbara Gunn
mathyawp,Francis Su
AJ72826261,Maher Ali Muarif
jasonemiller,"Jason ""Je Suis Antifa"" Miller"
sajinkoroth,Sajin Koroth
JessieLenarz,Jessie Lenarz
JasonWilliamsNY,Jason â€œHeavy Flavor Averagingâ€ Williams
suburbanlion,Ryan R Ruff
ONUMathStat,Mihai Caragiu
BrandauerJ,Josef Brandauer
daveinstpaul,David Radcliffe
cjp_still,Dr. Catherine Prendergast
matthewando,Matthew Ando
topolojack,defund-disarm-abolish
superyarn,Doctor.  Also a Bear.
dbdoughe,Daniel Dougherty
cordesm,Matt ğŸ³ï¸â€ğŸŒˆ
f_futamura,Fumiko Futamura
noellebeckman,Dr. Noelle G. Beckman
